<?xml version="1.0" encoding="UTF-8"?>
<GenRun Id="impl_1" LaunchPart="xc7a35tcpg236-1" LaunchTime="1738818080">
  <File Type="PA-TCL" Name="d_latch.tcl"/>
  <File Type="REPORTS-TCL" Name="d_latch_reports.tcl"/>
  <File Type="INIT-TIMING" Name="d_latch_timing_summary_init.rpt"/>
  <File Type="OPT-DCP" Name="d_latch_opt.dcp"/>
  <File Type="OPT-DRC" Name="d_latch_drc_opted.rpt"/>
  <File Type="OPT-METHODOLOGY-DRC" Name="d_latch_methodology_drc_opted.rpt"/>
  <File Type="OPT-HWDEF" Name="d_latch.hwdef"/>
  <File Type="OPT-TIMING" Name="d_latch_timing_summary_opted.rpt"/>
  <File Type="OPT-RQA-PB" Name="d_latch_rqa_opted.pb"/>
  <File Type="PWROPT-DCP" Name="d_latch_pwropt.dcp"/>
  <File Type="PWROPT-DRC" Name="d_latch_drc_pwropted.rpt"/>
  <File Type="PWROPT-TIMING" Name="d_latch_timing_summary_pwropted.rpt"/>
  <File Type="PLACE-DCP" Name="d_latch_placed.dcp"/>
  <File Type="PLACE-IO" Name="d_latch_io_placed.rpt"/>
  <File Type="PLACE-CLK" Name="d_latch_clock_utilization_placed.rpt"/>
  <File Type="PLACE-UTIL" Name="d_latch_utilization_placed.rpt"/>
  <File Type="PLACE-UTIL-PB" Name="d_latch_utilization_placed.pb"/>
  <File Type="PLACE-CTRL" Name="d_latch_control_sets_placed.rpt"/>
  <File Type="PLACE-SIMILARITY" Name="d_latch_incremental_reuse_placed.rpt"/>
  <File Type="PLACE-PRE-SIMILARITY" Name="d_latch_incremental_reuse_pre_placed.rpt"/>
  <File Type="PLACE-TIMING" Name="d_latch_timing_summary_placed.rpt"/>
  <File Type="PLACE-RQA-PB" Name="d_latch_rqa_placed.pb"/>
  <File Type="POSTPLACE-PWROPT-DCP" Name="d_latch_postplace_pwropt.dcp"/>
  <File Type="POSTPLACE-PWROPT-TIMING" Name="d_latch_timing_summary_postplace_pwropted.rpt"/>
  <File Type="PHYSOPT-DCP" Name="d_latch_physopt.dcp"/>
  <File Type="PHYSOPT-DRC" Name="d_latch_drc_physopted.rpt"/>
  <File Type="PHYSOPT-TIMING" Name="d_latch_timing_summary_physopted.rpt"/>
  <File Type="ROUTE-ERROR-DCP" Name="d_latch_routed_error.dcp"/>
  <File Type="ROUTE-DCP" Name="d_latch_routed.dcp"/>
  <File Type="ROUTE-BLACKBOX-DCP" Name="d_latch_routed_bb.dcp"/>
  <File Type="ROUTE-DRC" Name="d_latch_drc_routed.rpt"/>
  <File Type="ROUTE-DRC-PB" Name="d_latch_drc_routed.pb"/>
  <File Type="ROUTE-DRC-RPX" Name="d_latch_drc_routed.rpx"/>
  <File Type="ROUTE-METHODOLOGY-DRC" Name="d_latch_methodology_drc_routed.rpt"/>
  <File Type="ROUTE-METHODOLOGY-DRC-RPX" Name="d_latch_methodology_drc_routed.rpx"/>
  <File Type="ROUTE-METHODOLOGY-DRC-PB" Name="d_latch_methodology_drc_routed.pb"/>
  <File Type="ROUTE-PWR" Name="d_latch_power_routed.rpt"/>
  <File Type="ROUTE-PWR-SUM" Name="d_latch_power_summary_routed.pb"/>
  <File Type="ROUTE-PWR-RPX" Name="d_latch_power_routed.rpx"/>
  <File Type="ROUTE-STATUS" Name="d_latch_route_status.rpt"/>
  <File Type="ROUTE-STATUS-PB" Name="d_latch_route_status.pb"/>
  <File Type="ROUTE-TIMINGSUMMARY" Name="d_latch_timing_summary_routed.rpt"/>
  <File Type="ROUTE-TIMING-PB" Name="d_latch_timing_summary_routed.pb"/>
  <File Type="ROUTE-TIMING-RPX" Name="d_latch_timing_summary_routed.rpx"/>
  <File Type="ROUTE-SIMILARITY" Name="d_latch_incremental_reuse_routed.rpt"/>
  <File Type="ROUTE-CLK" Name="d_latch_clock_utilization_routed.rpt"/>
  <File Type="ROUTE-BUS-SKEW" Name="d_latch_bus_skew_routed.rpt"/>
  <File Type="ROUTE-BUS-SKEW-PB" Name="d_latch_bus_skew_routed.pb"/>
  <File Type="ROUTE-BUS-SKEW-RPX" Name="d_latch_bus_skew_routed.rpx"/>
  <File Type="ROUTE-RQS-PB" Name="d_latch_rqs_routed.pb"/>
  <File Type="POSTROUTE-PHYSOPT-DCP" Name="d_latch_postroute_physopt.dcp"/>
  <File Type="POSTROUTE-PHYSOPT-BLACKBOX-DCP" Name="d_latch_postroute_physopt_bb.dcp"/>
  <File Type="POSTROUTE-PHYSOPT-TIMING" Name="d_latch_timing_summary_postroute_physopted.rpt"/>
  <File Type="POSTROUTE-PHYSOPT-TIMING-PB" Name="d_latch_timing_summary_postroute_physopted.pb"/>
  <File Type="POSTROUTE-PHYSOPT-TIMING-RPX" Name="d_latch_timing_summary_postroute_physopted.rpx"/>
  <File Type="POSTROUTE-PHYSOPT-BUS-SKEW" Name="d_latch_bus_skew_postroute_physopted.rpt"/>
  <File Type="POSTROUTE-PHYSOPT-BUS-SKEW-PB" Name="d_latch_bus_skew_postroute_physopted.pb"/>
  <File Type="POSTROUTE-PHYSOPT-BUS-SKEW-RPX" Name="d_latch_bus_skew_postroute_physopted.rpx"/>
  <File Type="BG-BIT" Name="d_latch.bit"/>
  <File Type="BG-BIN" Name="d_latch.bin"/>
  <File Type="BITSTR-MSK" Name="d_latch.msk"/>
  <File Type="BITSTR-RBT" Name="d_latch.rbt"/>
  <File Type="BITSTR-NKY" Name="d_latch.nky"/>
  <File Type="BITSTR-BMM" Name="d_latch_bd.bmm"/>
  <File Type="BITSTR-MMI" Name="d_latch.mmi"/>
  <File Type="PDI-FILE" Name="d_latch.pdi"/>
  <File Type="BOOT-PDI-FILE" Name="d_latch_boot.pdi"/>
  <File Type="PL-PDI-FILE" Name="d_latch_pld.pdi"/>
  <File Type="RCFI_FILE" Name="d_latch.rcfi"/>
  <File Type="CFI_FILE" Name="d_latch.cfi"/>
  <File Type="RNPI_FILE" Name="d_latch.rnpi"/>
  <File Type="NPI_FILE" Name="d_latch.npi"/>
  <File Type="RBD_FILE" Name="d_latch.rbd"/>
  <File Type="BITSTR-LTX" Name="debug_nets.ltx"/>
  <File Type="BITSTR-LTX" Name="d_latch.ltx"/>
  <File Type="BITSTR-SYSDEF" Name="d_latch.sysdef"/>
  <File Type="BG-BGN" Name="d_latch.bgn"/>
  <File Type="BG-DRC" Name="d_latch.drc"/>
  <File Type="RDI-RDI" Name="d_latch.vdi"/>
  <File Type="WBT-USG" Name="usage_statistics_webtalk.html"/>
  <File Type="ROUTE-RQS" Name="d_latch_routed.rqs"/>
  <File Type="POSTROUTE-PHYSOPT-RQS" Name="d_latch_postroute_physopted.rqs"/>
  <File Type="ROUTE-RQS-RPT" Name="route_report_qor_suggestions_0.rpt"/>
  <File Type="POSTROUTE-PHYSOPT-RQS-RPT" Name="postroute_physopt_report_qor_suggestions_0.rpt"/>
  <FileSet Name="sources" Type="DesignSrcs" RelSrcDir="$PSRCDIR/sources_1" RelGenDir="$PGENDIR/sources_1">
    <Filter Type="Srcs"/>
    <File Path="$PSRCDIR/sources_1/new/dflipflop_circuit.v">
      <FileInfo>
        <Attr Name="UsedIn" Val="synthesis"/>
        <Attr Name="UsedIn" Val="implementation"/>
        <Attr Name="UsedIn" Val="simulation"/>
      </FileInfo>
    </File>
    <Config>
      <Option Name="DesignMode" Val="RTL"/>
      <Option Name="TopModule" Val="d_latch"/>
      <Option Name="TopAutoSet" Val="TRUE"/>
    </Config>
  </FileSet>
  <FileSet Name="constrs_in" Type="Constrs" RelSrcDir="$PSRCDIR/constrs_1" RelGenDir="$PGENDIR/constrs_1">
    <Filter Type="Constrs"/>
    <File Path="$PSRCDIR/constrs_1/new/dflipflop.xdc">
      <FileInfo>
        <Attr Name="UsedIn" Val="synthesis"/>
        <Attr Name="UsedIn" Val="implementation"/>
      </FileInfo>
    </File>
    <Config>
      <Option Name="ConstrsType" Val="XDC"/>
    </Config>
  </FileSet>
  <FileSet Name="utils" Type="Utils" RelSrcDir="$PSRCDIR/utils_1" RelGenDir="$PGENDIR/utils_1">
    <Filter Type="Utils"/>
    <File Path="$PSRCDIR/utils_1/imports/synth_1/dflipflop_circuit.dcp">
      <FileInfo>
        <Attr Name="UsedIn" Val="synthesis"/>
        <Attr Name="UsedIn" Val="implementation"/>
        <Attr Name="UsedInSteps" Val="synth_1"/>
        <Attr Name="AutoDcp" Val="1"/>
      </FileInfo>
    </File>
    <Config>
      <Option Name="TopAutoSet" Val="TRUE"/>
    </Config>
  </FileSet>
  <Strategy Version="1" Minor="2">
    <StratHandle Name="Vivado Implementation Defaults" Flow="Vivado Implementation 2024"/>
    <Step Id="init_design"/>
    <Step Id="opt_design"/>
    <Step Id="power_opt_design"/>
    <Step Id="place_design"/>
    <Step Id="post_place_power_opt_design"/>
    <Step Id="phys_opt_design"/>
    <Step Id="route_design"/>
    <Step Id="post_route_phys_opt_design"/>
    <Step Id="write_bitstream"/>
  </Strategy>
</GenRun>
